Record ID,Persona
227741533065,Specialist Advisor
227739831829,Wealth Advisor
227755368558,Investment Advisor
227600142218,Wealth Advisor
227605639475,Investment Advisor
227805249089,Specialist Advisor
227603560969,Specialist Advisor
227685073988,Wealth Advisor
227734727028,Specialist Advisor
227671319314,Specialist Advisor
227742686845,Specialist Advisor
227744048389,Specialist Advisor
227742095668,Specialist Advisor
227685730341,Specialist Advisor
227601186928,Specialist Advisor
125523394881,Specialist Advisor
162579088982,Specialist Advisor
126502137779,FO Executive
154892932665,Specialist Advisor
142136860443,Specialist Advisor
133920075605,Sponsor / Partner
162493944489,Specialist Advisor
140323464085,Specialist Advisor
125468754869,Investment Advisor
125891410708,Family Principal / Wealth Owner
163457063495,Family Principal / Wealth Owner
178859564132,Family Principal / Wealth Owner
153677571621,Specialist Advisor
125505912756,Family Principal / Wealth Owner
152378293877,FO Executive
125486304885,FO Investment / Finance
125521826733,Specialist Advisor
125522789511,Investment Advisor
180934977892,Specialist Advisor
125492282396,Specialist Advisor
162795988783,FO Investment / Finance
146222930543,Specialist Advisor
141889365621,Specialist Advisor
125872257819,Family Principal / Wealth Owner
144878808645,Sponsor / Partner
139893828661,Specialist Advisor
125533053980,Specialist Advisor
150583761025,FO Executive
182220510826,Specialist Advisor
125532687430,Specialist Advisor
142529159855,Specialist Advisor
146205128473,Specialist Advisor
125523394883,Specialist Advisor
141801177375,Wealth Advisor
179207996286,Specialist Advisor
141185822556,Investment Advisor
125524068358,Investment Advisor
140337706885,Investment Advisor
132870207523,Specialist Advisor
190505337737,Specialist Advisor
125531693715,Investment Advisor
125489866591,Investment Advisor
150215515246,Specialist Advisor
140514232114,Investment Advisor
142437666403,Specialist Advisor
126953583781,Specialist Advisor
126861622809,Sponsor / Partner
141906898833,Specialist Advisor
140578711851,Wealth Advisor
129810725749,Sponsor / Partner
148200087707,Specialist Advisor
132818218307,Investment Advisor
141191475497,Wealth Advisor
136301073425,Investment Advisor
150245963622,Specialist Advisor
126502660744,Specialist Advisor
130035718694,Specialist Advisor
134030649494,Specialist Advisor
132884718503,Specialist Advisor
129231569191,Specialist Advisor
127014252676,Sponsor / Partner
126953588768,Specialist Advisor
128302927129,Wealth Advisor
129787338671,Specialist Advisor
132323826731,Wealth Advisor
140330300591,Sponsor / Partner
132358258444,Specialist Advisor
130916774932,Specialist Advisor
146196607872,Specialist Advisor
146193047388,Wealth Advisor
146665073518,Investment Advisor
146208690440,Specialist Advisor
146196607873,Specialist Advisor
146217045533,Investment Advisor
146223085318,Specialist Advisor
146217974671,Wealth Advisor
146195834510,Investment Advisor
146218595355,Wealth Advisor
146193509304,Wealth Advisor
147387864683,Specialist Advisor
144862227212,Sponsor / Partner
146195211356,Specialist Advisor
146191962226,Investment Advisor
146208534813,Wealth Advisor
146206365704,Specialist Advisor
150215515247,Specialist Advisor
146205438843,Specialist Advisor
150234216592,Investment Advisor
146220140167,Wealth Advisor
146205128471,Investment Advisor
146940111955,Investment Advisor
146218904759,Investment Advisor
146224013416,Specialist Advisor
146224013412,Specialist Advisor
146218281490,Specialist Advisor
146206986525,Specialist Advisor
146219834712,Family Principal / Wealth Owner
146220762182,Specialist Advisor
146194903956,Investment Advisor
146208534809,Wealth Advisor
150237635673,Specialist Advisor
146222159115,Specialist Advisor
150247093120,Specialist Advisor
146194595890,Specialist Advisor
146222777258,Specialist Advisor
146940049695,Investment Advisor
163877884310,Specialist Advisor
146223085315,Specialist Advisor
159940584536,Family Principal / Wealth Owner
146204510642,Specialist Advisor
146219060266,Specialist Advisor
146222463247,Specialist Advisor
146218904756,Specialist Advisor
146219060272,Specialist Advisor
146195834505,Specialist Advisor
146222777260,Wealth Advisor
146206211941,Specialist Advisor
163861953602,Family Principal / Wealth Owner
146932210285,Specialist Advisor
146220762176,Wealth Advisor
139895134110,Wealth Advisor
146207452461,FO Operations / Admin
146217665087,Specialist Advisor
146206058375,Wealth Advisor
146949532790,Family Principal / Wealth Owner
146219523918,Specialist Advisor
146193666197,Wealth Advisor
146218281488,Wealth Advisor
146219060271,Specialist Advisor
136301076648,Specialist Advisor
146204198581,Wealth Advisor
146217974672,Investment Advisor
146203735732,Wealth Advisor
146223549315,Wealth Advisor
150216614220,Investment Advisor
146219987014,Specialist Advisor
150247093101,Investment Advisor
146224013414,Specialist Advisor
146218747998,Investment Advisor
146193666199,Specialist Advisor
146222159110,Specialist Advisor
146226425243,Wealth Advisor
146222930544,Sponsor / Partner
150197685557,Specialist Advisor
146203735734,Wealth Advisor
146205591966,Investment Advisor
146206521624,Investment Advisor
146206058376,Specialist Advisor
146223394977,Specialist Advisor
146217045536,Wealth Advisor
146205903884,Wealth Advisor
146222000170,Wealth Advisor
150237207645,Investment Advisor
146223549316,Specialist Advisor
146223856266,Specialist Advisor
170381022897,Specialist Advisor
146194130550,Wealth Advisor
146218904755,Wealth Advisor
146196932222,Wealth Advisor
146223856263,Investment Advisor
146220608093,Specialist Advisor
146206521621,Investment Advisor
145790238324,Sponsor / Partner
146226967465,Specialist Advisor
146203889057,Specialist Advisor
146197401659,Wealth Advisor
150235732549,Specialist Advisor
146205284461,Investment Advisor
146192271662,Wealth Advisor
146203735735,Investment Advisor
150195113359,Sponsor / Partner
150209654037,Specialist Advisor
146194437964,Wealth Advisor
146203735737,Specialist Advisor
146219834713,Specialist Advisor
146224323443,Specialist Advisor
146220453811,Specialist Advisor
146936638107,Sponsor / Partner
145124138383,Sponsor / Partner
146194287508,Specialist Advisor
150234200912,Specialist Advisor
150235732544,Specialist Advisor
146226967474,Specialist Advisor
146222930546,Wealth Advisor
146196142875,Specialist Advisor
146205128470,Investment Advisor
146226967469,Investment Advisor
146222463248,Wealth Advisor
132131460419,Specialist Advisor
150234741801,Specialist Advisor
150170519110,Investment Advisor
150246719649,Sponsor / Partner
150203165061,FO Operations / Admin
150234216585,Sponsor / Partner
150235127308,Specialist Advisor
150236217968,Investment Advisor
150247402925,Specialist Advisor
150245980311,Wealth Advisor
150216614217,Specialist Advisor
150248138402,Specialist Advisor
150192233984,Specialist Advisor
146676901256,Specialist Advisor
132875310501,Wealth Advisor
159727176581,Investment Advisor
161360410734,Wealth Advisor
126697594290,Specialist Advisor
193086780756,Specialist Advisor
161417984132,Specialist Advisor
130658629125,Wealth Advisor
131768791654,Specialist Advisor
130520285075,Wealth Advisor
130658623394,Wealth Advisor
132129856607,Specialist Advisor
129810741032,Sponsor / Partner
203328548888,Specialist Advisor
220949104969,Sponsor / Partner
220958498201,Wealth Advisor
219905497126,Investment Advisor
142435341737,Specialist Advisor
192351095620,Investment Advisor
141835462528,Specialist Advisor
135694995341,Wealth Advisor
135720789598,Wealth Advisor
183778817440,Specialist Advisor
135478854440,Specialist Advisor
136569889546,Specialist Advisor
136569876084,Specialist Advisor
141844635021,Sponsor / Partner
141825054832,Sponsor / Partner
135680259163,FO Executive
141848738338,Specialist Advisor
141837073155,Specialist Advisor
141839164037,Sponsor / Partner
141844822444,Specialist Advisor
141844884277,Sponsor / Partner
141837073080,Sponsor / Partner
141847832685,Sponsor / Partner
141838162959,Sponsor / Partner
141844850047,Sponsor / Partner
141839164038,Sponsor / Partner
141844181297,Sponsor / Partner
127190786468,Specialist Advisor
141845624676,Sponsor / Partner
141838220593,Sponsor / Partner
141835624587,Sponsor / Partner
141846759298,Specialist Advisor
141839270914,Specialist Advisor
141816401031,Sponsor / Partner
141835624589,Sponsor / Partner
141837073081,Sponsor / Partner
141837987902,Sponsor / Partner
141845596301,Sponsor / Partner
141837183910,Specialist Advisor
176638227840,Specialist Advisor
136569868051,Specialist Advisor
167949195373,Specialist Advisor
125864920709,Specialist Advisor
197896029798,Specialist Advisor
125523691147,Specialist Advisor
163878965117,Investment Advisor
142716705415,Investment Advisor
146693190534,FO Investment / Finance
162761065136,Sponsor / Partner
135673388058,Sponsor / Partner
141845650592,Investment Advisor
141845688733,Specialist Advisor
153706516996,Investment Advisor
126490224391,Specialist Advisor
142717555075,Wealth Advisor
142166397785,Investment Advisor
149604108711,Specialist Advisor
146207911750,Wealth Advisor
146887779426,Family Principal / Wealth Owner
191469997693,Investment Advisor
176740493688,Specialist Advisor
191465794917,FO Investment / Finance
191481116281,Specialist Advisor
163876991356,Specialist Advisor
159904348326,Specialist Advisor
191465744225,Family Principal / Wealth Owner
191457477429,Family Principal / Wealth Owner
146191962228,Investment Advisor
146221072247,Wealth Advisor
146196142880,Specialist Advisor
146205284463,Specialist Advisor
197924960315,FO Executive
197900054848,FO Operations / Admin
197917935767,FO Operations / Admin
197906632620,FO Executive
197929238841,Family Principal / Wealth Owner
197907872696,Family Principal / Wealth Owner
197947813131,FO Investment / Finance
197935277638,FO Executive
197910813794,FO Investment / Finance
197906323209,FO Investment / Finance
197898506649,FO Executive
197888750386,Family Principal / Wealth Owner
197893704743,Family Principal / Wealth Owner
197914530207,FO Operations / Admin
197947659326,FO Operations / Admin
197915149111,FO Investment / Finance
197894634044,FO Investment / Finance
197895564433,Family Principal / Wealth Owner
197910195108,FO Executive
197912052511,Family Principal / Wealth Owner
197909729677,FO Investment / Finance
197946572176,Family Principal / Wealth Owner
197907097726,Family Principal / Wealth Owner
197915768241,FO Executive
197923821117,FO Operations / Admin
197919485085,FO Executive
197890764823,FO Operations / Admin
227671245718,Family Principal / Wealth Owner
227604834678,FO Executive
227604591929,FO Executive
227672174997,FO Executive
227605663812,FO Executive
227670079800,FO Executive
227685742205,FO Executive
227671245424,FO Executive
227604870300,FO Executive
227603684504,FO Executive
227600478986,FO Executive
227671544118,FO Executive
227683587471,FO Executive
227600296808,FO Executive
227603624877,FO Executive
227602579207,FO Executive
227671266958,FO Executive
227600536718,Wealth Advisor
227601204615,FO Executive
227605579847,FO Executive
227604498821,FO Executive
227599600402,FO Executive
227685404454,FO Executive
227684304049,FO Executive
227603112281,FO Executive
227607215143,FO Executive
227617323907,FO Executive
227600382859,Family Principal / Wealth Owner
227599101534,FO Executive
227600478750,Specialist Advisor
227683562765,FO Executive
227684531500,FO Executive
227599250985,FO Executive
227599030325,FO Executive
227604577851,FO Executive
227605640058,Wealth Advisor
227683751856,FO Executive
227604670607,FO Executive
227602635582,FO Executive
227603648267,FO Executive
227671157830,FO Executive
227617077860,FO Executive
227601094439,FO Executive
227603706642,FO Executive
227616973957,FO Executive
227681571493,Family Principal / Wealth Owner
227606850475,FO Executive
227600297995,FO Executive
227794741323,Specialist Advisor
227600453234,Family Principal / Wealth Owner
227685872019,Family Principal / Wealth Owner
227671083319,FO Executive
227599641765,FO Executive
227600536967,FO Executive
227600478804,FO Executive
227617044224,FO Executive
227603549803,Specialist Advisor
227617044100,FO Executive
227600178701,FO Executive
227600443797,Sponsor / Partner
227671305296,FO Executive
227600297901,FO Executive
227601343059,FO Executive
227600382992,Family Principal / Wealth Owner
227603718453,FO Executive
227617043875,Investment Advisor
227616865394,Wealth Advisor
227671637881,FO Executive
227671626584,FO Executive
227671361568,FO Executive
227617323635,Family Principal / Wealth Owner
227598830648,FO Executive
227600355936,FO Executive
227602624283,FO Executive
227599284516,FO Executive
227605368706,FO Executive
227600331575,Family Principal / Wealth Owner
227685840236,FO Executive
227683959823,FO Executive
227604870955,FO Executive
227681466267,FO Executive
227616751644,FO Executive
227601094424,FO Executive
227602557033,FO Executive
227684901890,FO Executive
227684544413,FO Executive
227605663337,Wealth Advisor
227603515034,FO Executive
227671847819,FO Executive
227672381202,FO Executive
227671253670,Investment Advisor
227671817883,FO Executive
227604114582,Specialist Advisor
227605627144,Wealth Advisor
227600383263,FO Executive
227600321892,Family Principal / Wealth Owner
227684467592,FO Executive
227671320214,FO Executive
227604498792,Specialist Advisor
227603515000,FO Executive
227603602016,FO Executive
227682876428,FO Executive
227617298544,FO Executive
227670930246,FO Executive
227603706536,Specialist Advisor
227680351075,FO Executive
227671230318,Specialist Advisor
227616962585,FO Executive
227683400326,FO Executive
227601078684,FO Executive
227604235436,FO Executive
227671093393,FO Executive
227605651200,FO Executive
227604861736,FO Executive
227671183794,FO Executive
227604498060,FO Executive
227599689303,FO Executive
227599702064,FO Executive
227605580433,Family Principal / Wealth Owner
227685840184,FO Executive
227682876320,FO Executive
227603683690,FO Executive
227671576454,FO Executive
227601230981,FO Executive
227604114524,FO Executive
227684911168,Specialist Advisor
227672144205,FO Executive
227603489110,FO Executive
227606839156,FO Executive
227605569664,FO Executive
227616751537,FO Executive
227683762830,FO Executive
227685074802,FO Executive
227671550751,FO Executive
227605663051,Investment Advisor
227683212411,Wealth Advisor
227671093571,FO Executive
227672359760,FO Executive
227672174474,FO Executive
227605592462,FO Executive
227604869691,FO Executive
227671298393,FO Executive
227617021772,FO Executive
227617032781,Family Principal / Wealth Owner
227605650547,FO Executive
227684545580,FO Executive
227616985170,FO Executive
227600309555,FO Executive
227684313015,FO Executive
227602579472,FO Executive
227685718963,FO Executive
227600257417,FO Investment / Finance
227672164465,FO Executive
227672206085,FO Investment / Finance
227671211577,FO Investment / Finance
227604247481,FO Executive
227603719243,Family Principal / Wealth Owner
227603499283,FO Executive
227605367583,Wealth Advisor
227605616052,FO Executive
227600309570,FO Executive
227672144164,FO Investment / Finance
227599266599,FO Investment / Finance
227605616136,FO Investment / Finance
227671266670,FO Investment / Finance
227600094620,FO Executive
227681466236,FO Executive
227603426867,Family Principal / Wealth Owner
227599600434,FO Executive
227600142116,Family Principal / Wealth Owner
227600202042,Family Principal / Wealth Owner
227602546610,FO Investment / Finance
227604486920,FO Investment / Finance
227602601751,Wealth Advisor
227671284068,FO Executive
227685829378,FO Executive
227600094750,FO Executive
227684143787,FO Executive
227600398206,FO Executive
227671064447,Family Principal / Wealth Owner
227599701844,FO Investment / Finance
227605650454,FO Executive
227671998384,Family Principal / Wealth Owner
227672588078,FO Executive
227605840181,FO Executive
227601160984,FO Executive
227602579499,FO Executive
227601126047,FO Executive
227600467586,FO Executive
227684567961,FO Executive
227600202277,FO Executive
227601230933,FO Executive
227618187170,FO Executive
227606827099,FO Investment / Finance
227599031327,FO Executive
227682307467,FO Investment / Finance
227599653190,Family Principal / Wealth Owner
227680014991,FO Investment / Finance
227599586969,FO Executive
227601186616,FO Executive
227604578420,FO Executive
227606778741,FO Executive
227599066902,FO Investment / Finance
227601147398,FO Executive
227604660282,Family Principal / Wealth Owner
227606839459,FO Executive
227600442380,FO Investment / Finance
227684313006,Specialist Advisor
227618187321,FO Executive
227605840395,FO Executive
227604591225,FO Investment / Finance
227603154945,FO Executive
227605650484,FO Executive
227684923544,FO Executive
227685775128,FO Executive
227605463045,FO Executive
227685775114,FO Investment / Finance
227600536422,FO Investment / Finance
227685798662,Family Principal / Wealth Owner
227671008162,Family Principal / Wealth Owner
227685775363,FO Executive
227683587446,Family Principal / Wealth Owner
227682862241,Family Principal / Wealth Owner
227617077669,Family Principal / Wealth Owner
227600397195,Family Principal / Wealth Owner
227618161058,FO Executive
227607250559,Family Principal / Wealth Owner
227681795655,Family Principal / Wealth Owner
227670079848,FO Executive
227604486770,Investment Advisor
227604601643,FO Executive
227671827472,Wealth Advisor
227616985379,Family Principal / Wealth Owner
159921964046,Family Principal / Wealth Owner
183092265051,Wealth Advisor
140343439899,FO Operations / Admin
181453780635,Specialist Advisor
188931508368,FO Executive
183370066599,Family Principal / Wealth Owner
153740236373,Wealth Advisor
161824567670,Family Principal / Wealth Owner
135437283166,Sponsor / Partner
135640057199,Specialist Advisor
135486460518,Specialist Advisor
135713058438,Specialist Advisor
135472492370,Family Principal / Wealth Owner
135478855010,Specialist Advisor
135114131859,Sponsor / Partner
162689394249,Family Principal / Wealth Owner
162764813093,Family Principal / Wealth Owner
162761535827,Investment Advisor
162759977047,Family Principal / Wealth Owner
162754659415,Family Principal / Wealth Owner
162762064767,Investment Advisor
162754561385,Family Principal / Wealth Owner
162762360595,Family Principal / Wealth Owner
162755040842,Family Principal / Wealth Owner
162770145892,Family Principal / Wealth Owner
125533053982,Wealth Advisor
162720654636,Family Principal / Wealth Owner
162696720799,Family Principal / Wealth Owner
166585568521,FO Executive
162761498997,Family Principal / Wealth Owner
162731480952,Family Principal / Wealth Owner
162763842636,Family Principal / Wealth Owner
162762338708,Family Principal / Wealth Owner
162755032233,Family Principal / Wealth Owner
162754561382,Family Principal / Wealth Owner
162762327431,Family Principal / Wealth Owner
162752791177,Family Principal / Wealth Owner
128054899523,Wealth Advisor
162760097076,FO Executive
162762472815,Family Principal / Wealth Owner
227600368499,Investment Advisor
227600407971,Family Principal / Wealth Owner
227600430676,FO Investment / Finance
227600167748,FO Executive
227600094485,Specialist Advisor
227603534219,Wealth Advisor
227605369257,Wealth Advisor
227671276365,FO Investment / Finance
227600356677,Family Principal / Wealth Owner
227606814493,Specialist Advisor
227599285342,FO Executive
227599586835,Family Principal / Wealth Owner
227671093551,Family Principal / Wealth Owner
227600271946,FO Executive
227604485782,Family Principal / Wealth Owner
227671792478,Wealth Advisor
227600990814,Family Principal / Wealth Owner
227604577623,FO Investment / Finance
227607215978,Specialist Advisor
227605688934,FO Executive
227617032724,FO Executive
227604487253,Investment Advisor
227618187303,FO Executive
227601169159,FO Executive
227600383410,Wealth Advisor
227605840392,Family Principal / Wealth Owner
227604591964,Family Principal / Wealth Owner
227601197607,FO Executive
227600201853,Wealth Advisor
227605676340,FO Executive
227605569175,FO Executive
227600117865,FO Executive
227601115535,FO Executive
227617077605,Family Principal / Wealth Owner
227617044076,Family Principal / Wealth Owner
227605700354,Investment Advisor
227603695783,Investment Advisor
227606545508,Family Principal / Wealth Owner
227603560076,FO Executive
227603730584,FO Executive
227601003168,Family Principal / Wealth Owner
227603684177,Specialist Advisor
227598864154,FO Executive
227603533108,Investment Advisor
227600298255,FO Executive
227603660604,Family Principal / Wealth Owner
126953648985,FO Investment / Finance
140346728496,FO Executive
132132486240,Investment Advisor
132128799391,Specialist Advisor
132129056830,Investment Advisor
132128709946,Specialist Advisor
132136616552,FO Executive
132135442980,FO Executive
140330299161,Investment Advisor
132135641920,Wealth Advisor
132136674877,Specialist Advisor
132139036997,Family Principal / Wealth Owner
132136087091,Specialist Advisor
132135641921,Family Principal / Wealth Owner
132132486239,FO Executive
132125984940,Wealth Advisor
132127823627,FO Operations / Admin
132138931041,Investment Advisor
132130300286,Wealth Advisor
132127860112,FO Executive
132136914536,FO Executive
132131511107,FO Executive
132131991639,FO Executive
132126606850,Sponsor / Partner
132139145490,FO Executive
132136033089,Specialist Advisor
132126297405,Investment Advisor
132136087088,FO Operations / Admin
132139935811,Investment Advisor
132139197084,Investment Advisor
132136861528,Specialist Advisor
132135442981,Wealth Advisor
132139758203,FO Investment / Finance
132136201383,FO Executive
132127779742,FO Executive
132139758208,Wealth Advisor
132139251508,FO Executive
132129056829,FO Executive
132131511106,FO Executive
132128096181,FO Executive
132136254253,Family Principal / Wealth Owner
132129276209,Wealth Advisor
132128096184,Specialist Advisor
132129276211,Investment Advisor
132127076650,Specialist Advisor
132125934444,Specialist Advisor
132136914537,Specialist Advisor
132131991640,Specialist Advisor
132126877595,Investment Advisor
132135076627,Investment Advisor
132138877789,FO Executive
132137030309,Investment Advisor
132139145492,FO Investment / Finance
132136914539,Specialist Advisor
132128856477,Family Principal / Wealth Owner
132139935810,Specialist Advisor
140582312086,Investment Advisor
127018071714,Specialist Advisor
129221959574,FO Executive
131856325712,Family Principal / Wealth Owner
182559262756,Specialist Advisor
182880573104,Sponsor / Partner
132919321958,Specialist Advisor
183108586009,Investment Advisor
178983487647,FO Executive
142717657722,FO Executive
191466138165,FO Investment / Finance
126732815988,Sponsor / Partner
191469753000,FO Operations / Admin
191399577946,FO Executive
181791762011,Investment Advisor
142709230147,FO Executive
142718984335,Family Principal / Wealth Owner
142724327591,Investment Advisor
142711860315,Specialist Advisor
182880587167,Sponsor / Partner
227605838657,Family Principal / Wealth Owner
227600536175,Specialist Advisor
227603638376,Wealth Advisor
227599113319,Investment Advisor
227742420266,Specialist Advisor
227603426202,Wealth Advisor
227604670470,Family Principal / Wealth Owner
227602524089,Investment Advisor
227603475797,FO Executive
227743571982,Specialist Advisor
227604859265,Sponsor / Partner
227603475340,Wealth Advisor
227681204748,Specialist Advisor
227604859751,Specialist Advisor
227603600388,Wealth Advisor
227672371028,Specialist Advisor
227741274674,Wealth Advisor
227600466290,Investment Advisor
227601099042,Sponsor / Partner
227603496778,Family Principal / Wealth Owner
227742145115,Wealth Advisor
227605602578,Specialist Advisor
227603614213,Family Principal / Wealth Owner
227600152466,Specialist Advisor
227603474070,Specialist Advisor
227601113993,Wealth Advisor
227600381580,FO Executive
227616749863,FO Executive
227605366572,Specialist Advisor
227600189315,Family Principal / Wealth Owner
227755367992,Investment Advisor
227671828299,FO Executive
227599065668,FO Executive
227600320116,Investment Advisor
227600396582,Specialist Advisor
227599076371,FO Executive
227601211961,Specialist Advisor
227668169495,Wealth Advisor
227605638956,Wealth Advisor
227602672247,FO Executive
227668739749,Wealth Advisor
227601122391,Wealth Advisor
227616862323,FO Executive
227603620458,FO Executive
227601010282,FO Executive
227664967082,Specialist Advisor
227666339407,Wealth Advisor
227665378472,Investment Advisor
227602682669,Specialist Advisor
227665570359,Investment Advisor
227602838085,FO Executive
227601159692,Family Principal / Wealth Owner
227665723765,Wealth Advisor
227600379029,Wealth Advisor
227599168322,FO Executive
227667933201,Family Principal / Wealth Owner
227602452346,FO Executive
227598808732,Family Principal / Wealth Owner
227599264655,FO Executive
227605577593,FO Executive
227604634664,FO Investment / Finance
227603668366,FO Executive
227600366430,Specialist Advisor
227680046510,Family Principal / Wealth Owner
227599639114,Wealth Advisor
227600379476,FO Executive
227600268899,FO Executive
227681458688,Specialist Advisor
227680648540,Specialist Advisor
227600440346,Specialist Advisor
227666497880,Wealth Advisor
227602441281,FO Executive
227603693851,FO Executive
227602670961,FO Executive
227664990761,Family Principal / Wealth Owner
227600091419,FO Investment / Finance
227602720010,FO Executive
227599041927,Specialist Advisor
227664866161,Specialist Advisor
227602646369,FO Executive
227680023878,Investment Advisor
227603704355,FO Executive
227604843920,Family Principal / Wealth Owner
227667912254,Specialist Advisor
227603716952,FO Executive
227600281104,FO Executive
227601122832,FO Executive
227600980085,Family Principal / Wealth Owner
227602838297,FO Executive
227600328823,Family Principal / Wealth Owner
227601347908,FO Executive
227599111294,Investment Advisor
227603531418,Family Principal / Wealth Owner
227601183616,Specialist Advisor
227681503531,Specialist Advisor
227601245978,Investment Advisor
227601210528,FO Executive
227667247495,Investment Advisor
227679125365,Specialist Advisor
227616971117,Specialist Advisor
227666339241,Specialist Advisor
227603521944,FO Executive
227600269218,Specialist Advisor
227598667082,Specialist Advisor
227602588751,Family Principal / Wealth Owner
227602441344,Specialist Advisor
227601139519,Investment Advisor
227666124111,Investment Advisor
227666702478,Specialist Advisor
227602441379,Specialist Advisor
227600451645,Investment Advisor
227604634288,Specialist Advisor
227601077380,Specialist Advisor
227616398375,FO Executive
227617020169,FO Executive
227602720035,FO Executive
227603484948,Investment Advisor
227599597356,Investment Advisor
227601210897,FO Executive
227616851286,Family Principal / Wealth Owner
227666316412,Wealth Advisor
227665400090,Specialist Advisor
227602634071,FO Executive
227668056959,Specialist Advisor
227601210279,FO Executive
227599611293,Investment Advisor
227602886467,Investment Advisor
227668079271,Specialist Advisor
227616851307,Family Principal / Wealth Owner
227681503539,Specialist Advisor
227604469365,Investment Advisor
227600187717,FO Executive
