Record ID,Functional Role
197929238841,Wealth Owner / Family Member
197888750386,Wealth Owner / Family Member
197895564433,Wealth Owner / Family Member
197912052511,Wealth Owner / Family Member
197946572176,Wealth Owner / Family Member
197919485085,Wealth Owner / Family Member
227671064447,Wealth Owner / Family Member
227671245718,Wealth Owner / Family Member
227600382859,Wealth Owner / Family Member
227600453234,Wealth Owner / Family Member
227685872019,Wealth Owner / Family Member
227600382992,Wealth Owner / Family Member
227617323635,Wealth Owner / Family Member
227600331575,Wealth Owner / Family Member
227600321892,Wealth Owner / Family Member
227605580433,Wealth Owner / Family Member
227617032781,Wealth Owner / Family Member
227603719243,Wealth Owner / Family Member
227603426867,Wealth Owner / Family Member
227600142116,Wealth Owner / Family Member
227600202042,Wealth Owner / Family Member
227671998384,Wealth Owner / Family Member
227599653190,Wealth Owner / Family Member
227604660282,Wealth Owner / Family Member
227685798662,Wealth Owner / Family Member
227671008162,Wealth Owner / Family Member
227682862241,Wealth Owner / Family Member
227617077669,Wealth Owner / Family Member
227600397195,Wealth Owner / Family Member
227607250559,Wealth Owner / Family Member
227681795655,Wealth Owner / Family Member
227616985379,Wealth Owner / Family Member
197924960315,Family Office/Services Professional
197917935767,Operations/Admin Professional
197906632620,CEO/President
197910813794,Investment/Research Professional
197906323209,Investment/Research Professional
197898506649,Family Office/Services Professional
197914530207,Operations/Admin Professional
197947659326,Operations/Admin Professional
197894634044,Investment/Research Professional
197915768241,Family Office/Services Professional
197923821117,Operations/Admin Professional
197910195108,Family Office/Services Professional
197890764823,Operations/Admin Professional
227680351075,Family Office/Services Professional
227605651200,Family Office/Services Professional
227599266599,Investment/Research Professional
227604834678,Family Office/Services Professional
227604591929,Family Office/Services Professional
227672174997,Family Office/Services Professional
227670079800,Family Office/Services Professional
227605663812,Family Office/Services Professional
227685742205,Family Office/Services Professional
227604870300,Family Office/Services Professional
227603684504,Family Office/Services Professional
227600478986,Family Office/Services Professional
227671544118,Family Office/Services Professional
227683587471,Family Office/Services Professional
227600296808,Family Office/Services Professional
227603624877,Family Office/Services Professional
227602579207,Family Office/Services Professional
227600536718,Wealth Analyst/Strategist
227601204615,Family Office/Services Professional
227605579847,Family Office/Services Professional
227604498821,Family Office/Services Professional
227599600402,Family Office/Services Professional
227684304049,Family Office/Services Professional
227603112281,Family Office/Services Professional
227607215143,Family Office/Services Professional
227617323907,Family Office/Services Professional
227599101534,Family Office/Services Professional
227600478750,Family Office/Services Professional
227683562765,Family Office/Services Professional
227684531500,Family Office/Services Professional
227599250985,Family Office/Services Professional
227599030325,Family Office/Services Professional
227604577851,Family Office/Services Professional
227605640058,Wealth Analyst/Strategist
227683751856,Family Office/Services Professional
227604670607,Family Office/Services Professional
227602635582,Family Office/Services Professional
227603648267,Family Office/Services Professional
227617077860,Family Office/Services Professional
227601094439,Family Office/Services Professional
227603706642,Family Office/Services Professional
227616973957,Family Office/Services Professional
227606850475,Family Office/Services Professional
227600297995,Family Office/Services Professional
227794741323,Family Office/Services Professional
227599641765,Family Office/Services Professional
227600536967,Family Office/Services Professional
227600478804,Family Office/Services Professional
227617044224,Family Office/Services Professional
227603549803,Family Office/Services Professional
227617044100,Family Office/Services Professional
227600178701,Family Office/Services Professional
227600443797,Business Development Professional
227600297901,Family Office/Services Professional
227601343059,Family Office/Services Professional
227603718453,Family Office/Services Professional
227617043875,Investment/Research Professional
227616865394,Wealth Analyst/Strategist
227671626584,Family Office/Services Professional
227598830648,Family Office/Services Professional
227600355936,Family Office/Services Professional
227602624283,Family Office/Services Professional
227599284516,Family Office/Services Professional
227605368706,Family Office/Services Professional
227683959823,Family Office/Services Professional
227604870955,Family Office/Services Professional
227681466267,Family Office/Services Professional
227616751644,Family Office/Services Professional
227601094424,Family Office/Services Professional
227602557033,Family Office/Services Professional
227684544413,Family Office/Services Professional
227605663337,Wealth Analyst/Strategist
227603515034,Family Office/Services Professional
227671847819,Family Office/Services Professional
227672381202,Family Office/Services Professional
227671817883,Family Office/Services Professional
227604114582,Family Office/Services Professional
227605627144,Wealth Analyst/Strategist
227600383263,Family Office/Services Professional
227604498792,Family Office/Services Professional
227603515000,Family Office/Services Professional
227603602016,Family Office/Services Professional
227617298544,Family Office/Services Professional
227603706536,Family Office/Services Professional
227671230318,Family Office/Services Professional
227616962585,Family Office/Services Professional
227601078684,Family Office/Services Professional
227604235436,Family Office/Services Professional
227671093393,Family Office/Services Professional
227604861736,Family Office/Services Professional
227671183794,Family Office/Services Professional
227604498060,Family Office/Services Professional
227599689303,Family Office/Services Professional
227599702064,Family Office/Services Professional
227603683690,Family Office/Services Professional
227601230981,Family Office/Services Professional
227604114524,Family Office/Services Professional
227684911168,Family Office/Services Professional
227672144205,Family Office/Services Professional
227603489110,Family Office/Services Professional
227606839156,Family Office/Services Professional
227605569664,Family Office/Services Professional
227616751537,Family Office/Services Professional
227683762830,Family Office/Services Professional
227685074802,Family Office/Services Professional
227671550751,Family Office/Services Professional
227605663051,Investment/Research Professional
227683212411,Wealth Analyst/Strategist
227671093571,Family Office/Services Professional
227672359760,Family Office/Services Professional
227672174474,Family Office/Services Professional
227605592462,Family Office/Services Professional
227604869691,Family Office/Services Professional
227617021772,Family Office/Services Professional
227605650547,Family Office/Services Professional
227684545580,Family Office/Services Professional
227616985170,Family Office/Services Professional
227600309555,Family Office/Services Professional
227602579472,Family Office/Services Professional
227685718963,Family Office/Services Professional
227600257417,Investment/Research Professional
227672164465,Family Office/Services Professional
227672206085,Investment/Research Professional
227671211577,Investment/Research Professional
227604247481,Family Office/Services Professional
227603499283,Family Office/Services Professional
227605367583,Wealth Analyst/Strategist
227605616052,Family Office/Services Professional
227672144164,Investment/Research Professional
227600309570,Family Office/Services Professional
227605616136,Investment/Research Professional
227671266670,Investment/Research Professional
227600094620,Family Office/Services Professional
227681466236,Family Office/Services Professional
227599600434,Family Office/Services Professional
227602546610,Investment/Research Professional
227604486920,Investment/Research Professional
227602601751,Wealth Analyst/Strategist
227671284068,Family Office/Services Professional
227685829378,Family Office/Services Professional
227600094750,Family Office/Services Professional
227684143787,Family Office/Services Professional
227600398206,Family Office/Services Professional
227599701844,Investment/Research Professional
227605650454,Family Office/Services Professional
227672588078,Family Office/Services Professional
227605840181,Family Office/Services Professional
227601160984,Family Office/Services Professional
227602579499,Family Office/Services Professional
227601126047,Family Office/Services Professional
227600467586,Family Office/Services Professional
227684567961,Family Office/Services Professional
227600202277,Family Office/Services Professional
227601230933,Family Office/Services Professional
227618187170,Family Office/Services Professional
227606827099,Investment/Research Professional
227599031327,Family Office/Services Professional
227680014991,Investment/Research Professional
227599586969,Family Office/Services Professional
227601186616,Family Office/Services Professional
227604578420,Family Office/Services Professional
227606778741,Family Office/Services Professional
227599066902,Investment/Research Professional
227601147398,Family Office/Services Professional
227606839459,Family Office/Services Professional
227600442380,Investment/Research Professional
227684313006,Family Office/Services Professional
227618187321,Family Office/Services Professional
227605840395,Family Office/Services Professional
227604591225,Investment/Research Professional
227603154945,Family Office/Services Professional
227605650484,Family Office/Services Professional
227685775128,Family Office/Services Professional
227605463045,Family Office/Services Professional
227685775114,Investment/Research Professional
227600536422,Investment/Research Professional
227618161058,Family Office/Services Professional
227670079848,Family Office/Services Professional
227604486770,Investment/Research Professional
227604601643,Family Office/Services Professional
227671827472,Wealth Analyst/Strategist
183370066599,Wealth Owner / Family Member
161824567670,Wealth Owner / Family Member
159921964046,Wealth Owner / Family Member
135472492370,Wealth Owner / Family Member
162762064767,Wealth Owner / Family Member
162754561385,Wealth Owner / Family Member
162762360595,Wealth Owner / Family Member
162720654636,Wealth Owner / Family Member
162696720799,Wealth Owner / Family Member
162761498997,Wealth Owner / Family Member
162731480952,Wealth Owner / Family Member
162752791177,Wealth Owner / Family Member
162762472815,Wealth Owner / Family Member
162689394249,Wealth Owner / Family Member
162764813093,Wealth Owner / Family Member
162759977047,Wealth Owner / Family Member
162754659415,Wealth Owner / Family Member
162755040842,Wealth Owner / Family Member
162770145892,Wealth Owner / Family Member
162763842636,Wealth Owner / Family Member
162755032233,Wealth Owner / Family Member
162762338708,Wealth Owner / Family Member
162754561382,Wealth Owner / Family Member
162762327431,Wealth Owner / Family Member
159968538808,Wealth Owner / Family Member
159928611874,Wealth Owner / Family Member
162706677360,Wealth Owner / Family Member
162778636301,Wealth Owner / Family Member
163877253423,Wealth Owner / Family Member
162682978647,Wealth Owner / Family Member
163877253419,Wealth Owner / Family Member
162787583637,Wealth Owner / Family Member
163807319826,Wealth Owner / Family Member
163876939112,Wealth Owner / Family Member
162780797306,Wealth Owner / Family Member
163878506921,Wealth Owner / Family Member
163888277089,Wealth Owner / Family Member
150246085016,Wealth Owner / Family Member
159957758583,Wealth Owner / Family Member
163877899076,Wealth Owner / Family Member
162782779499,Wealth Owner / Family Member
163887910828,Wealth Owner / Family Member
162787795747,Wealth Owner / Family Member
162691908615,Wealth Owner / Family Member
163877218697,Wealth Owner / Family Member
159897982102,Wealth Owner / Family Member
163877932624,Wealth Owner / Family Member
163885194657,Wealth Owner / Family Member
163877304499,Wealth Owner / Family Member
159901078430,Wealth Owner / Family Member
163877342904,Wealth Owner / Family Member
159914544445,Wealth Owner / Family Member
163888193824,Wealth Owner / Family Member
163782952483,Wealth Owner / Family Member
162789619789,Wealth Owner / Family Member
162787080785,Wealth Owner / Family Member
163877334018,Wealth Owner / Family Member
163878416158,Wealth Owner / Family Member
163877555313,Wealth Owner / Family Member
163768676502,Wealth Owner / Family Member
163823569695,Wealth Owner / Family Member
162777218356,Wealth Owner / Family Member
159959013188,Wealth Owner / Family Member
146936578829,Wealth Owner / Family Member
162760097076,Wealth Owner / Family Member
162755111561,Wealth Owner / Family Member
187150657920,Wealth Owner / Family Member
162761535827,Wealth Owner / Family Member
163876404763,Wealth Owner / Family Member
150245487939,Wealth Owner / Family Member
163766844225,Wealth Owner / Family Member
162778715656,Wealth Owner / Family Member
162780443413,Wealth Owner / Family Member
163887903265,Wealth Owner / Family Member
159972246302,Wealth Owner / Family Member
162776965948,Wealth Owner / Family Member
162779854093,Wealth Owner / Family Member
163878930179,Wealth Owner / Family Member
163853464711,Wealth Owner / Family Member
159931953738,Wealth Owner / Family Member
159899993475,Wealth Owner / Family Member
163877831024,Wealth Owner / Family Member
163888719744,Wealth Owner / Family Member
163887928383,Wealth Owner / Family Member
162762272811,Wealth Owner / Family Member
163876956062,Wealth Owner / Family Member
163889439555,Wealth Owner / Family Member
163888361817,Wealth Owner / Family Member
163888336967,Wealth Owner / Family Member
159890566266,Wealth Owner / Family Member
163878913650,Wealth Owner / Family Member
162778097757,Wealth Owner / Family Member
162787785078,Wealth Owner / Family Member
163887885847,Wealth Owner / Family Member
163856571195,Wealth Owner / Family Member
163877899085,Wealth Owner / Family Member
163859532561,Wealth Owner / Family Member
162787762475,Wealth Owner / Family Member
159976125570,Wealth Owner / Family Member
163878160536,Wealth Owner / Family Member
162738280107,Wealth Owner / Family Member
163802011919,Wealth Owner / Family Member
159990748188,Wealth Owner / Family Member
163879015204,Wealth Owner / Family Member
159940584538,Wealth Owner / Family Member
162789865999,Wealth Owner / Family Member
162786940531,Wealth Owner / Family Member
163887892903,Wealth Owner / Family Member
163833165468,Wealth Owner / Family Member
163878965118,Wealth Owner / Family Member
163878402318,Wealth Owner / Family Member
146924937754,Wealth Owner / Family Member
163877212302,Wealth Owner / Family Member
159904348328,Wealth Owner / Family Member
162787033016,Wealth Owner / Family Member
162782420291,Wealth Owner / Family Member
163879031949,Wealth Owner / Family Member
163746698769,Wealth Owner / Family Member
163877253422,Wealth Owner / Family Member
163878149519,Wealth Owner / Family Member
162778075534,Wealth Owner / Family Member
162782735523,Wealth Owner / Family Member
162789657454,Wealth Owner / Family Member
146940621418,Wealth Owner / Family Member
163829442481,Wealth Owner / Family Member
163868052857,Wealth Owner / Family Member
162743563277,Wealth Owner / Family Member
162743563282,Wealth Owner / Family Member
162720691840,Wealth Owner / Family Member
159889949793,Wealth Owner / Family Member
163889059993,Wealth Owner / Family Member
162738951688,Wealth Owner / Family Member
162780504908,Wealth Owner / Family Member
163876964792,Wealth Owner / Family Member
162780443414,Wealth Owner / Family Member
163887903250,Wealth Owner / Family Member
159889017673,Wealth Owner / Family Member
160009993089,Wealth Owner / Family Member
162777879410,Wealth Owner / Family Member
162790951303,Wealth Owner / Family Member
183092265051,Wealth Analyst/Strategist
140343439899,Operations/Admin Professional
181453780635,Family Office/Services Professional
188931508368,CEO/President
153740236373,Wealth Analyst/Strategist
135437283166,Business Development Professional
135640057199,Family Office/Services Professional
135486460518,Family Office/Services Professional
135713058438,Family Office/Services Professional
135478855010,Family Office/Services Professional
135114131859,Business Development Professional
125533053982,Wealth Analyst/Strategist
166585568521,CEO/President
128054899523,Wealth Analyst/Strategist
171916410116,Wealth Owner / Family Member
135463987991,Wealth Owner / Family Member
127018998916,Wealth Owner / Family Member
135460217997,Wealth Owner / Family Member
197893704743,Wealth Owner / Family Member
197907097726,Wealth Owner / Family Member
163829442476,Wealth Owner / Family Member
162778941536,Wealth Owner / Family Member
162739653229,Wealth Owner / Family Member
163877807131,Wealth Owner / Family Member
163887953552,Wealth Owner / Family Member
159871824714,Wealth Owner / Family Member
163877008514,Wealth Owner / Family Member
163877756162,Wealth Owner / Family Member
162780628655,Wealth Owner / Family Member
210389793902,Wealth Owner / Family Member
162760097077,Wealth Owner / Family Member
163771714369,Wealth Owner / Family Member
163888193817,Wealth Owner / Family Member
146946376083,Wealth Owner / Family Member
210387129896,Wealth Owner / Family Member
160014274852,Wealth Owner / Family Member
146941085983,Wealth Owner / Family Member
163888605095,Wealth Owner / Family Member
163877875781,Wealth Owner / Family Member
163877334020,Wealth Owner / Family Member
163877789825,Wealth Owner / Family Member
163888353948,Wealth Owner / Family Member
210390680345,Wealth Owner / Family Member
159946141108,Wealth Owner / Family Member
163889456733,Wealth Owner / Family Member
197906943071,Wealth Owner / Family Member
197893086897,Wealth Owner / Family Member
128215537448,Wealth Owner / Family Member
146950359981,Wealth Owner / Family Member
210390229782,Wealth Owner / Family Member
163878149528,Wealth Owner / Family Member
210397331337,Wealth Owner / Family Member
163832965385,Wealth Owner / Family Member
146886143760,Wealth Owner / Family Member
210386816363,Wealth Owner / Family Member
163877201491,Wealth Owner / Family Member
162743563281,Wealth Owner / Family Member
210386806391,Wealth Owner / Family Member
162762396484,Wealth Owner / Family Member
162753098010,Wealth Owner / Family Member
159944438558,Wealth Owner / Family Member
163886815375,Wealth Owner / Family Member
162761264264,Wealth Owner / Family Member
163877814635,Wealth Owner / Family Member
163887751057,Wealth Owner / Family Member
163877212299,Wealth Owner / Family Member
163888012110,Wealth Owner / Family Member
125879201031,Wealth Owner / Family Member
163888193821,Wealth Owner / Family Member
163887892904,Wealth Owner / Family Member
210397303416,Wealth Owner / Family Member
163877298077,Wealth Owner / Family Member
210390432171,Wealth Owner / Family Member
210390246920,Wealth Owner / Family Member
163887910829,Wealth Owner / Family Member
162777218357,Wealth Owner / Family Member
210397825294,Wealth Owner / Family Member
163887936336,Wealth Owner / Family Member
163878990156,Wealth Owner / Family Member
163765388842,Wealth Owner / Family Member
210390229783,Wealth Owner / Family Member
162786929838,Wealth Owner / Family Member
162762504221,Wealth Owner / Family Member
163876404762,Wealth Owner / Family Member
163877756089,Wealth Owner / Family Member
163878029389,Wealth Owner / Family Member
162755150999,Wealth Owner / Family Member
163877201490,Wealth Owner / Family Member
162762327430,Wealth Owner / Family Member
163879108782,Wealth Owner / Family Member
159924976278,Wealth Owner / Family Member
210397255938,Wealth Owner / Family Member
163877279134,Wealth Owner / Family Member
163878424465,Wealth Owner / Family Member
163888218978,Wealth Owner / Family Member
210397579668,Wealth Owner / Family Member
163870379041,Wealth Owner / Family Member
163759226264,Wealth Owner / Family Member
163877549075,Wealth Owner / Family Member
152656092249,Wealth Owner / Family Member
163871363389,Wealth Owner / Family Member
163877864322,Wealth Owner / Family Member
163802011915,Wealth Owner / Family Member
163875604007,Wealth Owner / Family Member
163888193816,Wealth Owner / Family Member
163877814628,Wealth Owner / Family Member
163877966180,Wealth Owner / Family Member
162782997064,Wealth Owner / Family Member
197907872692,Wealth Owner / Family Member
163889439556,Wealth Owner / Family Member
163877597994,Wealth Owner / Family Member
163888235425,Wealth Owner / Family Member
162754561381,Wealth Owner / Family Member
163878424481,Wealth Owner / Family Member
146950040835,Wealth Owner / Family Member
197889215391,Wealth Owner / Family Member
197908955306,Wealth Owner / Family Member
197895873190,Wealth Owner / Family Member
210387195279,Wealth Owner / Family Member
210384385319,Wealth Owner / Family Member
163785574689,Wealth Owner / Family Member
163755436453,Wealth Owner / Family Member
163765388847,Wealth Owner / Family Member
162761253452,Wealth Owner / Family Member
162759999827,Wealth Owner / Family Member
162706640703,Wealth Owner / Family Member
163879108777,Wealth Owner / Family Member
163782952480,Wealth Owner / Family Member
162761264262,Wealth Owner / Family Member
163873338390,Wealth Owner / Family Member
162631421868,Wealth Owner / Family Member
163853464709,Wealth Owner / Family Member
163885443252,Wealth Owner / Family Member
159952926485,Wealth Owner / Family Member
163878990162,Wealth Owner / Family Member
162748428643,Wealth Owner / Family Member
162694361135,Wealth Owner / Family Member
146938699826,Wealth Owner / Family Member
162760082303,Wealth Owner / Family Member
163861953594,Wealth Owner / Family Member
163877193138,Wealth Owner / Family Member
163877983644,Wealth Owner / Family Member
126502581686,Wealth Owner / Family Member
210390382176,Wealth Owner / Family Member
163887971412,Wealth Owner / Family Member
162760178105,Wealth Owner / Family Member
210390668064,Wealth Owner / Family Member
210393872313,Wealth Owner / Family Member
160009993088,Wealth Owner / Family Member
163888012106,Wealth Owner / Family Member
163887989119,Wealth Owner / Family Member
163829442562,Wealth Owner / Family Member
163876981396,Wealth Owner / Family Member
163887818050,Wealth Owner / Family Member
163856879898,Wealth Owner / Family Member
163877315870,Wealth Owner / Family Member
163856879890,Wealth Owner / Family Member
162722962033,Wealth Owner / Family Member
163887910825,Wealth Owner / Family Member
210399358488,Wealth Owner / Family Member
162737429653,Wealth Owner / Family Member
162762248850,Wealth Owner / Family Member
163801396520,Wealth Owner / Family Member
163879100055,Wealth Owner / Family Member
163802011922,Wealth Owner / Family Member
142724765963,Wealth Owner / Family Member
163877532204,Wealth Owner / Family Member
163877226825,Wealth Owner / Family Member
163879108780,Wealth Owner / Family Member
163876946763,Wealth Owner / Family Member
163887945872,Wealth Owner / Family Member
163879031954,Wealth Owner / Family Member
163878506915,Wealth Owner / Family Member
210390367491,Wealth Owner / Family Member
163888710964,Wealth Owner / Family Member
163845480838,Wealth Owner / Family Member
162762407432,Wealth Owner / Family Member
162657485079,Wealth Owner / Family Member
159917333598,Wealth Owner / Family Member
163877831012,Wealth Owner / Family Member
163888227405,Wealth Owner / Family Member
146938245240,Wealth Owner / Family Member
210390310220,Wealth Owner / Family Member
197930194750,Wealth Owner / Family Member
163888719742,Wealth Owner / Family Member
163877864325,Wealth Owner / Family Member
163887910920,Wealth Owner / Family Member
163877597996,Wealth Owner / Family Member
162756064544,Wealth Owner / Family Member
163877739120,Wealth Owner / Family Member
210397812271,Wealth Owner / Family Member
210397355778,Wealth Owner / Family Member
163848491308,Wealth Owner / Family Member
159997736751,Wealth Owner / Family Member
162733071963,Wealth Owner / Family Member
163879057486,Wealth Owner / Family Member
163845480826,Wealth Owner / Family Member
163814596522,Wealth Owner / Family Member
163888268572,Wealth Owner / Family Member
210393823276,Wealth Owner / Family Member
159980970261,Wealth Owner / Family Member
163889456738,Wealth Owner / Family Member
162762227309,Wealth Owner / Family Member
197897576595,Wealth Owner / Family Member
197889525060,Wealth Owner / Family Member
162755089752,Wealth Owner / Family Member
162770145893,Wealth Owner / Family Member
152699539033,Wealth Owner / Family Member
163876221283,Wealth Owner / Family Member
142715414378,Wealth Owner / Family Member
163771424769,Wealth Owner / Family Member
163879015196,Wealth Owner / Family Member
163870379047,Wealth Owner / Family Member
163886469301,Wealth Owner / Family Member
162731517452,Wealth Owner / Family Member
162688360056,Wealth Owner / Family Member
163877797279,Wealth Owner / Family Member
162782022253,Wealth Owner / Family Member
163877574958,Wealth Owner / Family Member
159890256548,Wealth Owner / Family Member
163856571193,Wealth Owner / Family Member
163842584155,Wealth Owner / Family Member
163822044187,Wealth Owner / Family Member
159987843697,Wealth Owner / Family Member
163878149523,Wealth Owner / Family Member
162782735525,Wealth Owner / Family Member
163877824557,Wealth Owner / Family Member
146950405027,Wealth Owner / Family Member
159972246301,Wealth Owner / Family Member
163887971409,Wealth Owner / Family Member
159893490846,Wealth Owner / Family Member
162691944889,Wealth Owner / Family Member
159915164814,Wealth Owner / Family Member
162779128948,Wealth Owner / Family Member
162657522613,Wealth Owner / Family Member
146851607653,Wealth Owner / Family Member
152695606822,Wealth Owner / Family Member
163768676506,Wealth Owner / Family Member
162789820180,Wealth Owner / Family Member
163856728085,Wealth Owner / Family Member
146949996863,Wealth Owner / Family Member
163877315877,Wealth Owner / Family Member
163856879901,Wealth Owner / Family Member
163877574955,Wealth Owner / Family Member
160015412134,Wealth Owner / Family Member
162763863831,Wealth Owner / Family Member
163888370590,Wealth Owner / Family Member
163877555301,Wealth Owner / Family Member
162789630833,Wealth Owner / Family Member
163877772814,Wealth Owner / Family Member
163887910837,Wealth Owner / Family Member
227683587446,Wealth Owner / Family Member
163850746505,Wealth Owner / Family Member
150235953274,Wealth Owner / Family Member
163887903244,Wealth Owner / Family Member
162763821229,Wealth Owner / Family Member
162756420691,Wealth Owner / Family Member
197920724065,Wealth Owner / Family Member
197913756029,Wealth Owner / Family Member
197913600892,Wealth Owner / Family Member
162763877005,Wealth Owner / Family Member
162756420693,Wealth Owner / Family Member
210386259505,Wealth Owner / Family Member
162754649097,Wealth Owner / Family Member
163888260885,Wealth Owner / Family Member
162761319025,Wealth Owner / Family Member
163877000105,Wealth Owner / Family Member
162762227308,Wealth Owner / Family Member
146950961444,Wealth Owner / Family Member
162762248851,Wealth Owner / Family Member
162762064768,Wealth Owner / Family Member
162762384691,Wealth Owner / Family Member
162731480951,Wealth Owner / Family Member
163877750611,Wealth Owner / Family Member
162760060293,Wealth Owner / Family Member
162634584357,Wealth Owner / Family Member
162761219253,Wealth Owner / Family Member
197894789660,Wealth Owner / Family Member
162760285570,Wealth Owner / Family Member
162753109522,Wealth Owner / Family Member
162760097081,Wealth Owner / Family Member
162762295324,Wealth Owner / Family Member
162762493366,Wealth Owner / Family Member
162755006383,Wealth Owner / Family Member
162750035639,Wealth Owner / Family Member
182208467202,Wealth Owner / Family Member
162754857581,Wealth Owner / Family Member
162738914141,Wealth Owner / Family Member
162754623616,Wealth Owner / Family Member
197922737514,Wealth Owner / Family Member
162755078269,Wealth Owner / Family Member
162722924872,Wealth Owner / Family Member
152658644112,Wealth Owner / Family Member
162754879785,Wealth Owner / Family Member
162761167207,Wealth Owner / Family Member
162755006384,Wealth Owner / Family Member
162755040840,Wealth Owner / Family Member
162756001895,Wealth Owner / Family Member
162761167214,Wealth Owner / Family Member
162747274872,Wealth Owner / Family Member
162746954269,Wealth Owner / Family Member
162690071947,Wealth Owner / Family Member
162762338707,Wealth Owner / Family Member
162739123563,Wealth Owner / Family Member
162761535828,Wealth Owner / Family Member
162760060294,Wealth Owner / Family Member
162694361136,Wealth Owner / Family Member
162762338706,Wealth Owner / Family Member
162694361134,Wealth Owner / Family Member
197947192660,Wealth Owner / Family Member
162754649099,Wealth Owner / Family Member
162762316887,Wealth Owner / Family Member
162762272814,Wealth Owner / Family Member
152696709271,Wealth Owner / Family Member
162760014392,Wealth Owner / Family Member
162755017988,Wealth Owner / Family Member
163877583425,Wealth Owner / Family Member
163889464752,Wealth Owner / Family Member
162754572468,Wealth Owner / Family Member
162770157905,Wealth Owner / Family Member
162755089750,Wealth Owner / Family Member
162760097079,Wealth Owner / Family Member
162761065137,Wealth Owner / Family Member
162688478126,Wealth Owner / Family Member
162754977456,Wealth Owner / Family Member
162761941625,Wealth Owner / Family Member
162762407433,Wealth Owner / Family Member
162754659418,Wealth Owner / Family Member
162754659417,Wealth Owner / Family Member
162752791178,Wealth Owner / Family Member
162755097268,Wealth Owner / Family Member
162761362089,Wealth Owner / Family Member
162763811453,Wealth Owner / Family Member
162741358616,Wealth Owner / Family Member
162634584356,Wealth Owner / Family Member
162764813094,Wealth Owner / Family Member
162760154743,Wealth Owner / Family Member
197906943072,Wealth Owner / Family Member
197908181120,Wealth Owner / Family Member
162706640702,Wealth Owner / Family Member
162631421867,Wealth Owner / Family Member
162598451222,Wealth Owner / Family Member
162763851914,Wealth Owner / Family Member
162684565562,Wealth Owner / Family Member
163768676504,Wealth Owner / Family Member
163878424461,Wealth Owner / Family Member
163879100063,Wealth Owner / Family Member
162743525167,Wealth Owner / Family Member
163877824559,Wealth Owner / Family Member
163879023650,Wealth Owner / Family Member
163877824556,Wealth Owner / Family Member
163871181590,Wealth Owner / Family Member
162787807020,Wealth Owner / Family Member
162782768418,Wealth Owner / Family Member
162657522612,Wealth Owner / Family Member
163844403895,Wealth Owner / Family Member
163889439564,Wealth Owner / Family Member
162778591498,Wealth Owner / Family Member
162739484293,Wealth Owner / Family Member
162790114817,Wealth Owner / Family Member
163877910120,Wealth Owner / Family Member
162788120748,Wealth Owner / Family Member
162779057726,Wealth Owner / Family Member
162780443416,Wealth Owner / Family Member
163875419968,Wealth Owner / Family Member
163785032292,Wealth Owner / Family Member
163888394113,Wealth Owner / Family Member
163877789818,Wealth Owner / Family Member
163877797260,Wealth Owner / Family Member
163877966182,Wealth Owner / Family Member
163886469294,Wealth Owner / Family Member
163854687074,Wealth Owner / Family Member
163878433431,Wealth Owner / Family Member
163887767182,Wealth Owner / Family Member
163877807126,Wealth Owner / Family Member
163879057489,Wealth Owner / Family Member
162779114853,Wealth Owner / Family Member
163888193826,Wealth Owner / Family Member
163802011920,Wealth Owner / Family Member
163877966179,Wealth Owner / Family Member
163877574960,Wealth Owner / Family Member
163878506918,Wealth Owner / Family Member
163888302173,Wealth Owner / Family Member
163877583429,Wealth Owner / Family Member
163878149518,Wealth Owner / Family Member
163877891083,Wealth Owner / Family Member
163879100061,Wealth Owner / Family Member
162733071962,Wealth Owner / Family Member
162739653231,Wealth Owner / Family Member
162787972255,Wealth Owner / Family Member
162780443411,Wealth Owner / Family Member
146939381645,Wealth Owner / Family Member
162751170151,Wealth Owner / Family Member
163877245052,Wealth Owner / Family Member
163877212295,Wealth Owner / Family Member
163835778853,Wealth Owner / Family Member
163889134933,Wealth Owner / Family Member
159889949794,Wealth Owner / Family Member
163877597998,Wealth Owner / Family Member
163887826817,Wealth Owner / Family Member
163878990160,Wealth Owner / Family Member
163887877502,Wealth Owner / Family Member
163802011924,Wealth Owner / Family Member
163888311200,Wealth Owner / Family Member
163888235427,Wealth Owner / Family Member
163888260890,Wealth Owner / Family Member
163768676505,Wealth Owner / Family Member
163876946764,Wealth Owner / Family Member
163877807128,Wealth Owner / Family Member
162780504910,Wealth Owner / Family Member
162782801709,Wealth Owner / Family Member
162782022254,Wealth Owner / Family Member
162762360594,Wealth Owner / Family Member
162761329563,Wealth Owner / Family Member
162755111559,Wealth Owner / Family Member
162657249136,Wealth Owner / Family Member
162755490910,Wealth Owner / Family Member
162691908616,Wealth Owner / Family Member
162760097078,Wealth Owner / Family Member
163887989121,Wealth Owner / Family Member
163876404760,Wealth Owner / Family Member
159903248984,Wealth Owner / Family Member
163877983646,Wealth Owner / Family Member
163877193133,Wealth Owner / Family Member
162778613658,Wealth Owner / Family Member
160015412135,Wealth Owner / Family Member
163879100050,Wealth Owner / Family Member
163877555300,Wealth Owner / Family Member
163879082919,Wealth Owner / Family Member
146951033447,Wealth Owner / Family Member
163877342902,Wealth Owner / Family Member
146939815311,Wealth Owner / Family Member
163863984555,Wealth Owner / Family Member
163878947874,Wealth Owner / Family Member
163877304505,Wealth Owner / Family Member
163877948186,Wealth Owner / Family Member
162722962032,Wealth Owner / Family Member
163811502109,Wealth Owner / Family Member
162779114852,Wealth Owner / Family Member
163879108779,Wealth Owner / Family Member
163888619647,Wealth Owner / Family Member
163878424468,Wealth Owner / Family Member
159895657556,Wealth Owner / Family Member
163747126949,Wealth Owner / Family Member
162778097760,Wealth Owner / Family Member
163835778852,Wealth Owner / Family Member
162737181563,Wealth Owner / Family Member
163888710961,Wealth Owner / Family Member
163889439557,Wealth Owner / Family Member
163877884313,Wealth Owner / Family Member
163878160531,Wealth Owner / Family Member
163785574704,Wealth Owner / Family Member
159909155717,Wealth Owner / Family Member
159933193773,Wealth Owner / Family Member
159993060729,Wealth Owner / Family Member
159902320283,Wealth Owner / Family Member
163877831007,Wealth Owner / Family Member
163887877503,Wealth Owner / Family Member
163877008513,Wealth Owner / Family Member
163771424773,Wealth Owner / Family Member
163876956065,Wealth Owner / Family Member
163768676503,Wealth Owner / Family Member
163877226826,Wealth Owner / Family Member
163888605091,Wealth Owner / Family Member
163856728080,Wealth Owner / Family Member
163888353956,Wealth Owner / Family Member
163863984558,Wealth Owner / Family Member
159897053006,Wealth Owner / Family Member
163877226828,Wealth Owner / Family Member
162756029266,Wealth Owner / Family Member
163877858100,Wealth Owner / Family Member
163888302169,Wealth Owner / Family Member
163877583427,Wealth Owner / Family Member
163888619638,Wealth Owner / Family Member
163888252933,Wealth Owner / Family Member
163857392649,Wealth Owner / Family Member
163889134937,Wealth Owner / Family Member
163810566231,Wealth Owner / Family Member
163888302176,Wealth Owner / Family Member
163889430861,Wealth Owner / Family Member
163879031955,Wealth Owner / Family Member
163889430862,Wealth Owner / Family Member
162754998704,Wealth Owner / Family Member
146924937756,Wealth Owner / Family Member
163887800128,Wealth Owner / Family Member
163887877498,Wealth Owner / Family Member
163822044185,Wealth Owner / Family Member
163847520181,Wealth Owner / Family Member
163870379045,Wealth Owner / Family Member
163820287811,Wealth Owner / Family Member
163877858089,Wealth Owner / Family Member
163848491309,Wealth Owner / Family Member
159898446702,Wealth Owner / Family Member
162725436778,Wealth Owner / Family Member
162779318408,Wealth Owner / Family Member
162682978646,Wealth Owner / Family Member
163857392643,Wealth Owner / Family Member
146940184936,Wealth Owner / Family Member
163790445084,Wealth Owner / Family Member
163888201502,Wealth Owner / Family Member
163802011918,Wealth Owner / Family Member
163814596518,Wealth Owner / Family Member
163888277074,Wealth Owner / Family Member
163887892905,Wealth Owner / Family Member
163877824558,Wealth Owner / Family Member
162739653228,Wealth Owner / Family Member
163848491305,Wealth Owner / Family Member
163888260889,Wealth Owner / Family Member
162789386098,Wealth Owner / Family Member
163877884316,Wealth Owner / Family Member
163888012105,Wealth Owner / Family Member
162781478524,Wealth Owner / Family Member
162789386097,Wealth Owner / Family Member
163888210319,Wealth Owner / Family Member
163853464707,Wealth Owner / Family Member
163777962671,Wealth Owner / Family Member
163854687072,Wealth Owner / Family Member
163888193823,Wealth Owner / Family Member
163790445086,Wealth Owner / Family Member
163856571191,Wealth Owner / Family Member
163811502129,Wealth Owner / Family Member
163877323034,Wealth Owner / Family Member
163795226933,Wealth Owner / Family Member
163878402320,Wealth Owner / Family Member
163877201488,Wealth Owner / Family Member
163877342905,Wealth Owner / Family Member
163876964784,Wealth Owner / Family Member
163887953550,Wealth Owner / Family Member
163832965383,Wealth Owner / Family Member
163877555297,Wealth Owner / Family Member
163889430869,Wealth Owner / Family Member
162780470664,Wealth Owner / Family Member
163877333945,Wealth Owner / Family Member
163877864324,Wealth Owner / Family Member
163879031945,Wealth Owner / Family Member
163878990152,Wealth Owner / Family Member
163746698770,Wealth Owner / Family Member
163887953551,Wealth Owner / Family Member
162787103330,Wealth Owner / Family Member
163888243776,Wealth Owner / Family Member
162739484294,Wealth Owner / Family Member
163765829151,Wealth Owner / Family Member
162780549705,Wealth Owner / Family Member
159895193159,Wealth Owner / Family Member
163887945855,Wealth Owner / Family Member
163888403470,Wealth Owner / Family Member
162731517454,Wealth Owner / Family Member
159885458003,Wealth Owner / Family Member
162779318407,Wealth Owner / Family Member
163888379010,Wealth Owner / Family Member
159959013187,Wealth Owner / Family Member
163802901770,Wealth Owner / Family Member
163765829159,Wealth Owner / Family Member
163889439565,Wealth Owner / Family Member
163877253421,Wealth Owner / Family Member
162788813832,Wealth Owner / Family Member
163879100072,Wealth Owner / Family Member
163795226931,Wealth Owner / Family Member
162778534488,Wealth Owner / Family Member
162746992808,Wealth Owner / Family Member
163888260891,Wealth Owner / Family Member
163888403487,Wealth Owner / Family Member
163877270049,Wealth Owner / Family Member
163854687069,Wealth Owner / Family Member
162753120622,Wealth Owner / Family Member
162754649098,Wealth Owner / Family Member
159923887951,Wealth Owner / Family Member
163876180871,Wealth Owner / Family Member
163747126953,Wealth Owner / Family Member
162789918827,Wealth Owner / Family Member
162779707653,Wealth Owner / Family Member
163877772816,Wealth Owner / Family Member
163785574697,Wealth Owner / Family Member
162778396512,Wealth Owner / Family Member
162780549706,Wealth Owner / Family Member
162647966001,Wealth Owner / Family Member
163887818058,Wealth Owner / Family Member
163879057496,Wealth Owner / Family Member
163877555303,Wealth Owner / Family Member
162747312783,Wealth Owner / Family Member
163888201501,Wealth Owner / Family Member
163771714353,Wealth Owner / Family Member
163878990157,Wealth Owner / Family Member
163790445077,Wealth Owner / Family Member
163797633615,Wealth Owner / Family Member
163877750616,Wealth Owner / Family Member
163877574961,Wealth Owner / Family Member
146938674021,Wealth Owner / Family Member
162738951687,Wealth Owner / Family Member
162778396511,Wealth Owner / Family Member
163823886240,Wealth Owner / Family Member
163877739118,Wealth Owner / Family Member
163782952481,Wealth Owner / Family Member
163877750624,Wealth Owner / Family Member
163888277087,Wealth Owner / Family Member
163877772809,Wealth Owner / Family Member
163879057509,Wealth Owner / Family Member
163877555302,Wealth Owner / Family Member
163873338394,Wealth Owner / Family Member
163877008515,Wealth Owner / Family Member
163876939117,Wealth Owner / Family Member
163856879916,Wealth Owner / Family Member
163877910123,Wealth Owner / Family Member
159914236003,Wealth Owner / Family Member
159916716934,Wealth Owner / Family Member
159898603574,Wealth Owner / Family Member
146950531210,Wealth Owner / Family Member
163888379012,Wealth Owner / Family Member
163888403473,Wealth Owner / Family Member
163879057494,Wealth Owner / Family Member
163877264183,Wealth Owner / Family Member
163820287793,Wealth Owner / Family Member
163888379008,Wealth Owner / Family Member
163878160535,Wealth Owner / Family Member
146924937751,Wealth Owner / Family Member
163888403475,Wealth Owner / Family Member
163879057488,Wealth Owner / Family Member
163802011917,Wealth Owner / Family Member
162762316888,Wealth Owner / Family Member
163877789826,Wealth Owner / Family Member
162743563278,Wealth Owner / Family Member
163887877499,Wealth Owner / Family Member
163889456731,Wealth Owner / Family Member
163889439563,Wealth Owner / Family Member
163877891082,Wealth Owner / Family Member
162690108541,Wealth Owner / Family Member
162779057730,Wealth Owner / Family Member
162779128947,Wealth Owner / Family Member
163877574949,Wealth Owner / Family Member
163889456735,Wealth Owner / Family Member
163873338389,Wealth Owner / Family Member
163877298075,Wealth Owner / Family Member
163871363392,Wealth Owner / Family Member
163878416169,Wealth Owner / Family Member
162789386095,Wealth Owner / Family Member
163888387375,Wealth Owner / Family Member
163877342976,Wealth Owner / Family Member
163878407986,Wealth Owner / Family Member
162777218358,Wealth Owner / Family Member
162787420543,Wealth Owner / Family Member
163876964791,Wealth Owner / Family Member
163875604006,Wealth Owner / Family Member
163888201495,Wealth Owner / Family Member
163888005010,Wealth Owner / Family Member
163888252935,Wealth Owner / Family Member
162684602255,Wealth Owner / Family Member
162777903747,Wealth Owner / Family Member
163876991358,Wealth Owner / Family Member
163888302179,Wealth Owner / Family Member
146949552989,Wealth Owner / Family Member
163877008507,Wealth Owner / Family Member
163888387377,Wealth Owner / Family Member
163877235470,Wealth Owner / Family Member
163887964009,Wealth Owner / Family Member
163877932623,Wealth Owner / Family Member
162787807022,Wealth Owner / Family Member
163785032297,Wealth Owner / Family Member
163887818049,Wealth Owner / Family Member
163888361818,Wealth Owner / Family Member
159952145584,Wealth Owner / Family Member
160016504147,Wealth Owner / Family Member
146946732084,Wealth Owner / Family Member
163811502110,Wealth Owner / Family Member
159912844635,Wealth Owner / Family Member
159870279172,Wealth Owner / Family Member
159941343797,Wealth Owner / Family Member
159900303727,Wealth Owner / Family Member
159872443060,Wealth Owner / Family Member
159913461056,Wealth Owner / Family Member
159910634149,Wealth Owner / Family Member
159936782218,Wealth Owner / Family Member
159887625475,Wealth Owner / Family Member
163889439560,Wealth Owner / Family Member
197900054848,Operations/Admin Professional
197947813131,Investment/Research Professional
197915149111,Investment/Research Professional
197909729677,Investment/Research Professional
227671266958,Family Office/Services Professional
227685404454,Family Office/Services Professional
227671637881,Family Office/Services Professional
227685840184,Family Office/Services Professional
227671298393,Family Office/Services Professional
227685775363,Family Office/Services Professional
163877279139,Wealth Owner / Family Member
197915149112,Wealth Owner / Family Member
197905858683,Wealth Owner / Family Member
162783010986,Wealth Owner / Family Member
197892003246,Wealth Owner / Family Member
197917782398,Wealth Owner / Family Member
197913756028,Wealth Owner / Family Member
163871363388,Wealth Owner / Family Member
162732536196,Wealth Owner / Family Member
197895873189,Wealth Owner / Family Member
197898970900,Wealth Owner / Family Member
197936509296,Wealth Owner / Family Member
197890454600,Wealth Owner / Family Member
227681571493,Wealth Owner / Family Member
197947504536,Wealth Owner / Family Member
197918401178,Wealth Owner / Family Member
197897887141,Wealth Owner / Family Member
197891537044,Wealth Owner / Family Member
197899434539,Wealth Owner / Family Member
197936354885,Wealth Owner / Family Member
197911124592,Wealth Owner / Family Member
197916233792,Wealth Owner / Family Member
197914839407,Wealth Owner / Family Member
197924960317,Wealth Owner / Family Member
197946572178,Wealth Owner / Family Member
197947813134,Wealth Owner / Family Member
197920879109,Wealth Owner / Family Member
197998804281,Wealth Owner / Family Member
197908027667,Wealth Owner / Family Member
197897576592,Wealth Owner / Family Member
197918710539,Wealth Owner / Family Member
197892777091,Wealth Owner / Family Member
197923511925,Wealth Owner / Family Member
197922737517,Wealth Owner / Family Member
197909574691,Wealth Owner / Family Member
197889990051,Wealth Owner / Family Member
227671245424,Family Office/Services Professional
227671157830,Family Office/Services Professional
227671083319,Family Office/Services Professional
227671305296,Family Office/Services Professional
227671361568,Family Office/Services Professional
227685840236,Family Office/Services Professional
227684901890,Family Office/Services Professional
227671253670,Investment/Research Professional
227684467592,Family Office/Services Professional
227671320214,Family Office/Services Professional
227682876428,Family Office/Services Professional
227670930246,Family Office/Services Professional
227683400326,Family Office/Services Professional
227682876320,Family Office/Services Professional
227671576454,Family Office/Services Professional
227684313015,Family Office/Services Professional
227682307467,Investment/Research Professional
227684923544,Family Office/Services Professional
125864920709,Family Office/Services Professional
142716705415,Investment/Research Professional
227739831829,Wealth Analyst/Strategist
227805249089,Family Office/Services Professional
227734727028,Family Office/Services Professional
227744048389,Family Office/Services Professional
227742095668,Family Office/Services Professional
227741533065,Family Office/Services Professional
227755368558,Investment/Research Professional
227600142218,Wealth Analyst/Strategist
227605639475,Investment/Research Professional
227603560969,Family Office/Services Professional
227685073988,Wealth Analyst/Strategist
227671319314,Family Office/Services Professional
227742686845,Family Office/Services Professional
227685730341,Family Office/Services Professional
227601186928,Family Office/Services Professional
163457063495,Wealth Owner / Family Member
178859564132,Wealth Owner / Family Member
125505912756,Wealth Owner / Family Member
125872257819,Wealth Owner / Family Member
125891410708,Wealth Owner / Family Member
139893828661,Wealth Owner / Family Member
125523394883,Wealth Owner / Family Member
146219834712,Wealth Owner / Family Member
159940584536,Wealth Owner / Family Member
146949532790,Wealth Owner / Family Member
163861953602,Wealth Owner / Family Member
125486304885,Wealth Owner / Family Member
126953583781,Wealth Owner / Family Member
163877884310,Wealth Owner / Family Member
125523394881,Family Office/Services Professional
162579088982,Family Office/Services Professional
126502137779,CEO/President
154892932665,Family Office/Services Professional
142136860443,Accounting/Finance/Tax Professional
133920075605,Business Development Professional
162493944489,Family Office/Services Professional
140323464085,Family Office/Services Professional
125468754869,Investment/Research Professional
153677571621,Family Office/Services Professional
152378293877,CEO/President
125521826733,Family Office/Services Professional
125522789511,Investment/Research Professional
180934977892,Family Office/Services Professional
125492282396,Family Office/Services Professional
162795988783,Investment/Research Professional
146222930543,Family Office/Services Professional
141889365621,Family Office/Services Professional
144878808645,Business Development Professional
125533053980,Family Office/Services Professional
150583761025,Family Office/Services Professional
182220510826,Family Office/Services Professional
125532687430,Family Office/Services Professional
142529159855,Family Office/Services Professional
141801177375,Wealth Analyst/Strategist
179207996286,Family Office/Services Professional
141185822556,Investment/Research Professional
125524068358,Investment/Research Professional
140337706885,Investment/Research Professional
132870207523,Family Office/Services Professional
190505337737,Family Office/Services Professional
125531693715,Investment/Research Professional
125489866591,Investment/Research Professional
150215515246,Family Office/Services Professional
146205128473,Family Office/Services Professional
140514232114,Investment/Research Professional
142437666403,Family Office/Services Professional
126861622809,Business Development Professional
141906898833,Family Office/Services Professional
140578711851,Wealth Analyst/Strategist
129810725749,Business Development Professional
148200087707,Family Office/Services Professional
132818218307,Investment/Research Professional
141191475497,Wealth Analyst/Strategist
136301073425,Investment/Research Professional
150245963622,Family Office/Services Professional
130035718694,Legal Counsel
134030649494,Family Office/Services Professional
132884718503,Family Office/Services Professional
129231569191,Accounting/Finance/Tax Professional
127014252676,Business Development Professional
126953588768,Family Office/Services Professional
128302927129,Wealth Analyst/Strategist
129787338671,Legal Counsel
132323826731,Wealth Analyst/Strategist
140330300591,Business Development Professional
132358258444,Family Office/Services Professional
130916774932,Family Office/Services Professional
126502660744,Family Office/Services Professional
146196607872,Family Office/Services Professional
146193047388,Wealth Analyst/Strategist
146665073518,Investment/Research Professional
146208690440,Family Office/Services Professional
146196607873,Family Office/Services Professional
146217045533,Investment/Research Professional
146223085318,Family Office/Services Professional
146217974671,Wealth Analyst/Strategist
146218595355,Wealth Analyst/Strategist
146193509304,Wealth Analyst/Strategist
147387864683,Family Office/Services Professional
144862227212,Business Development Professional
146195211356,Family Office/Services Professional
146208534813,Wealth Analyst/Strategist
146205438843,Family Office/Services Professional
150215515247,Family Office/Services Professional
146206365704,Trust Officer/Admin/Trustee
150234216592,Investment/Research Professional
146220140167,Wealth Analyst/Strategist
146205128471,Investment/Research Professional
146940111955,Investment/Research Professional
146218904759,Investment/Research Professional
146224013416,Family Office/Services Professional
146224013412,Family Office/Services Professional
146218281490,Family Office/Services Professional
146206986525,Family Office/Services Professional
146220762182,Family Office/Services Professional
146194903956,Investment/Research Professional
146208534809,Wealth Analyst/Strategist
150237635673,Family Office/Services Professional
146222159115,Family Office/Services Professional
150247093120,Family Office/Services Professional
146194595890,Legal Counsel
146222777258,Family Office/Services Professional
146940049695,Investment/Research Professional
146223085315,Family Office/Services Professional
146204510642,Family Office/Services Professional
146222463247,Family Office/Services Professional
146219060266,Family Office/Services Professional
146218904756,Family Office/Services Professional
146219060272,Family Office/Services Professional
146195834505,Family Office/Services Professional
146222777260,Wealth Analyst/Strategist
146206211941,Philanthropy Professional
146932210285,Family Office/Services Professional
146220762176,Wealth Analyst/Strategist
139895134110,Wealth Analyst/Strategist
146207452461,Operations/Admin Professional
146217665087,Family Office/Services Professional
146206058375,Wealth Analyst/Strategist
146219523918,Family Office/Services Professional
146218281488,Wealth Analyst/Strategist
146219060271,Family Office/Services Professional
136301076648,Legal Counsel
146217974672,Investment/Research Professional
146203735732,Wealth Analyst/Strategist
146223549315,Wealth Analyst/Strategist
150216614220,Investment/Research Professional
146219987014,Family Office/Services Professional
150247093101,Investment/Research Professional
146224013414,Accounting/Finance/Tax Professional
146218747998,Investment/Research Professional
146193666199,Family Office/Services Professional
146222159110,Family Office/Services Professional
146226425243,Wealth Analyst/Strategist
150197685557,Family Office/Services Professional
146203735734,Wealth Analyst/Strategist
146205591966,Investment/Research Professional
146206058376,Family Office/Services Professional
146205903884,Wealth Analyst/Strategist
146222000170,Wealth Analyst/Strategist
150237207645,Investment/Research Professional
146223856266,Family Office/Services Professional
170381022897,Family Office/Services Professional
146194130550,Wealth Analyst/Strategist
146218904755,Wealth Analyst/Strategist
146196932222,Wealth Analyst/Strategist
145790238324,Business Development Professional
146226967465,Accounting/Finance/Tax Professional
146203889057,Family Office/Services Professional
150235732549,Family Office/Services Professional
146205284461,Investment/Research Professional
146203735735,Investment/Research Professional
150195113359,Business Development Professional
146194437964,Wealth Analyst/Strategist
146203735737,Family Office/Services Professional
146224323443,Family Office/Services Professional
146220453811,Family Office/Services Professional
146936638107,Business Development Professional
145124138383,Business Development Professional
150235732544,Family Office/Services Professional
146226967474,Family Office/Services Professional
146222930546,Wealth Analyst/Strategist
146205128470,Investment/Research Professional
146222463248,Wealth Analyst/Strategist
146195834510,Investment/Research Professional
146191962226,Investment/Research Professional
146193666197,Wealth Analyst/Strategist
146204198581,Wealth Analyst/Strategist
146222930544,Business Development Professional
146206521624,Investment/Research Professional
146223394977,Family Office/Services Professional
146217045536,Wealth Analyst/Strategist
146223549316,Family Office/Services Professional
146223856263,Investment/Research Professional
146220608093,Family Office/Services Professional
146206521621,Investment/Research Professional
146197401659,Wealth Analyst/Strategist
146192271662,Wealth Analyst/Strategist
150209654037,Family Office/Services Professional
146219834713,Family Office/Services Professional
146194287508,Family Office/Services Professional
150234200912,Family Office/Services Professional
146196142875,Family Office/Services Professional
146226967469,Investment/Research Professional
132131460419,Family Office/Services Professional
150234741801,Family Office/Services Professional
150170519110,Investment/Research Professional
150203165061,Operations/Admin Professional
150234216585,Business Development Professional
150235127308,Family Office/Services Professional
150236217968,Investment/Research Professional
150247402925,Family Office/Services Professional
150245980311,Wealth Analyst/Strategist
150216614217,Family Office/Services Professional
150248138402,Family Office/Services Professional
150246719649,Business Development Professional
150192233984,Family Office/Services Professional
146676901256,Family Office/Services Professional
132875310501,Wealth Analyst/Strategist
159727176581,Investment/Research Professional
161360410734,Wealth Analyst/Strategist
126697594290,Family Office/Services Professional
193086780756,Family Office/Services Professional
161417984132,Family Office/Services Professional
130658629125,Wealth Analyst/Strategist
131768791654,Family Office/Services Professional
130658623394,Wealth Analyst/Strategist
132129856607,Family Office/Services Professional
129810741032,Business Development Professional
203328548888,Family Office/Services Professional
220949104969,Business Development Professional
220958498201,Wealth Analyst/Strategist
219905497126,Investment/Research Professional
142435341737,Family Office/Services Professional
192351095620,Investment/Research Professional
141835462528,Family Office/Services Professional
135694995341,Wealth Analyst/Strategist
135720789598,Wealth Analyst/Strategist
183778817440,Family Office/Services Professional
135478854440,Family Office/Services Professional
136569889546,Family Office/Services Professional
136569876084,Family Office/Services Professional
141844635021,Business Development Professional
141825054832,Business Development Professional
135680259163,CEO/President
141848738338,Family Office/Services Professional
141837073155,Family Office/Services Professional
141839164037,Business Development Professional
141844822444,Family Office/Services Professional
141844884277,Business Development Professional
141837073080,Business Development Professional
141847832685,Business Development Professional
141838162959,Business Development Professional
141844850047,Business Development Professional
141839164038,Business Development Professional
141844181297,Business Development Professional
127190786468,Family Office/Services Professional
141845624676,Business Development Professional
141838220593,Business Development Professional
141835624587,Business Development Professional
141846759298,Family Office/Services Professional
141839270914,Family Office/Services Professional
141816401031,Business Development Professional
141835624589,Business Development Professional
141837073081,Business Development Professional
141837987902,Business Development Professional
141845596301,Business Development Professional
141837183910,Family Office/Services Professional
176638227840,Family Office/Services Professional
136569868051,Family Office/Services Professional
163878965117,Wealth Owner / Family Member
162761065136,Wealth Owner / Family Member
191465744225,Wealth Owner / Family Member
191457477429,Wealth Owner / Family Member
146887779426,Wealth Owner / Family Member
163886815369,Wealth Owner / Family Member
163876991356,Wealth Owner / Family Member
159904348326,Wealth Owner / Family Member
163875215390,Wealth Owner / Family Member
163877899077,Wealth Owner / Family Member
163771714368,Wealth Owner / Family Member
163877253413,Wealth Owner / Family Member
163888252930,Wealth Owner / Family Member
163876981385,Wealth Owner / Family Member
163777962667,Wealth Owner / Family Member
167949195373,Family Office/Services Professional
197896029798,Accounting/Finance/Tax Professional
125523691147,Family Office/Services Professional
146693190534,Investment/Research Professional
141845650592,Investment/Research Professional
141845688733,Family Office/Services Professional
153706516996,Investment/Research Professional
126490224391,Family Office/Services Professional
142166397785,Investment/Research Professional
149604108711,Family Office/Services Professional
146207911750,Wealth Analyst/Strategist
142717555075,Wealth Analyst/Strategist
176740493688,Family Office/Services Professional
191465794917,Investment/Research Professional
191481116281,Accounting/Finance/Tax Professional
191469997693,Investment/Research Professional
146191962228,Investment/Research Professional
146221072247,Wealth Analyst/Strategist
146196142880,Family Office/Services Professional
146205284463,Family Office/Services Professional
159980970259,Wealth Owner / Family Member
197921343374,Wealth Owner / Family Member
227600407971,Wealth Owner / Family Member
227600356677,Wealth Owner / Family Member
227599586835,Wealth Owner / Family Member
227604485782,Wealth Owner / Family Member
227600990814,Wealth Owner / Family Member
227605840392,Wealth Owner / Family Member
227604591964,Wealth Owner / Family Member
227617077605,Wealth Owner / Family Member
227617044076,Wealth Owner / Family Member
227606545508,Wealth Owner / Family Member
227601003168,Wealth Owner / Family Member
227603660604,Wealth Owner / Family Member
227603534219,Wealth Analyst/Strategist
227604577623,Investment/Research Professional
227604487253,Investment/Research Professional
227600368499,Investment/Research Professional
227600430676,Investment/Research Professional
227600167748,Family Office/Services Professional
227600094485,Family Office/Services Professional
227605369257,Wealth Analyst/Strategist
227671276365,Investment/Research Professional
227606814493,Family Office/Services Professional
227599285342,Family Office/Services Professional
227600271946,Family Office/Services Professional
227607215978,Family Office/Services Professional
227605688934,Family Office/Services Professional
227617032724,Family Office/Services Professional
227618187303,Family Office/Services Professional
227601169159,Family Office/Services Professional
227600383410,Wealth Analyst/Strategist
227601197607,Family Office/Services Professional
227600201853,Wealth Analyst/Strategist
227605676340,Family Office/Services Professional
227605569175,Family Office/Services Professional
227600117865,Family Office/Services Professional
227601115535,Family Office/Services Professional
227605700354,Investment/Research Professional
227603695783,Investment/Research Professional
227603560076,Family Office/Services Professional
227603730584,Family Office/Services Professional
227603684177,Family Office/Services Professional
227598864154,Family Office/Services Professional
227603533108,Investment/Research Professional
227600298255,Family Office/Services Professional
132139036997,Wealth Owner / Family Member
132135641921,Wealth Owner / Family Member
132136254253,Wealth Owner / Family Member
132128856477,Wealth Owner / Family Member
140582312086,Wealth Owner / Family Member
127018071714,Wealth Owner / Family Member
126953648985,Investment/Research Professional
140346728496,Family Office/Services Professional
132128709946,Family Office/Services Professional
132132486240,Investment/Research Professional
132128799391,Family Office/Services Professional
132129056830,Investment/Research Professional
132135442980,CEO/President
140330299161,Investment/Research Professional
132135641920,Wealth Analyst/Strategist
132136674877,Family Office/Services Professional
132136087091,Family Office/Services Professional
132132486239,Family Office/Services Professional
132125984940,Wealth Analyst/Strategist
132127823627,Operations/Admin Professional
132130300286,Wealth Analyst/Strategist
132127860112,Family Office/Services Professional
132136914536,Family Office/Services Professional
132131511107,Family Office/Services Professional
132131991639,CEO/President
132136033089,Family Office/Services Professional
132126297405,Investment/Research Professional
132136087088,Operations/Admin Professional
132139935811,Investment/Research Professional
132136861528,Family Office/Services Professional
132139758203,Investment/Research Professional
132136201383,Family Office/Services Professional
132139758208,Wealth Analyst/Strategist
132131511106,CEO/President
132128096181,CEO/President
132129276211,Investment/Research Professional
132136914537,Family Office/Services Professional
132126877595,Investment/Research Professional
132138877789,CEO/President
132137030309,Investment/Research Professional
132139145492,Investment/Research Professional
132136616552,Family Office/Services Professional
132138931041,Investment/Research Professional
132126606850,Business Development Professional
132139145490,Family Office/Services Professional
132139197084,Investment/Research Professional
132135442981,Wealth Analyst/Strategist
132127779742,Family Office/Services Professional
132139251508,Family Office/Services Professional
132129056829,Family Office/Services Professional
132129276209,Wealth Analyst/Strategist
132128096184,Family Office/Services Professional
132127076650,Family Office/Services Professional
132125934444,Family Office/Services Professional
132131991640,Family Office/Services Professional
132135076627,Investment/Research Professional
132136914539,Family Office/Services Professional
132139935810,Family Office/Services Professional
129221959574,Family Office/Services Professional
131856325712,Wealth Owner / Family Member
132919321958,Wealth Owner / Family Member
182559262756,Family Office/Services Professional
182880573104,Business Development Professional
183108586009,Investment/Research Professional
178983487647,Family Office/Services Professional
142718984335,Wealth Owner / Family Member
227605838657,Wealth Owner / Family Member
227604670470,Wealth Owner / Family Member
227603496778,Wealth Owner / Family Member
227603614213,Wealth Owner / Family Member
227600189315,Wealth Owner / Family Member
191399577946,Wealth Owner / Family Member
142717657722,Family Office/Services Professional
191466138165,Investment/Research Professional
126732815988,Business Development Professional
191469753000,Operations/Admin Professional
181791762011,Investment/Research Professional
142709230147,Family Office/Services Professional
142724327591,Investment/Research Professional
142711860315,Family Office/Services Professional
227671792478,Wealth Analyst/Strategist
227741274674,Wealth Analyst/Strategist
227603474070,Family Office/Services Professional
227600536175,Family Office/Services Professional
227603638376,Wealth Analyst/Strategist
227599113319,Investment/Research Professional
227742420266,Family Office/Services Professional
227603426202,Wealth Analyst/Strategist
227602524089,Investment/Research Professional
227603475797,Family Office/Services Professional
227743571982,Family Office/Services Professional
227604859265,Business Development Professional
227603475340,Wealth Analyst/Strategist
227681204748,Family Office/Services Professional
227604859751,Family Office/Services Professional
227603600388,Wealth Analyst/Strategist
227672371028,Family Office/Services Professional
227600466290,Investment/Research Professional
227601099042,Business Development Professional
227742145115,Wealth Analyst/Strategist
227605602578,Family Office/Services Professional
227600152466,Family Office/Services Professional
227601113993,Wealth Analyst/Strategist
227600381580,Family Office/Services Professional
227616749863,Family Office/Services Professional
227605366572,Family Office/Services Professional
227755367992,Investment/Research Professional
227671828299,Family Office/Services Professional
227599065668,Family Office/Services Professional
227600320116,Investment/Research Professional
227600396582,Family Office/Services Professional
227599076371,Family Office/Services Professional
227601211961,Family Office/Services Professional
227668169495,Wealth Analyst/Strategist
227605638956,Wealth Analyst/Strategist
227601159692,Wealth Owner / Family Member
227667933201,Wealth Owner / Family Member
227598808732,Wealth Owner / Family Member
227680046510,Wealth Owner / Family Member
227671093551,Wealth Owner / Family Member
227664990761,Wealth Owner / Family Member
227604843920,Wealth Owner / Family Member
227600980085,Wealth Owner / Family Member
227600328823,Wealth Owner / Family Member
227603531418,Wealth Owner / Family Member
227602588751,Wealth Owner / Family Member
227616851286,Wealth Owner / Family Member
227616851307,Wealth Owner / Family Member
227602672247,Family Office/Services Professional
227668739749,Wealth Analyst/Strategist
227601122391,Wealth Analyst/Strategist
227616862323,Family Office/Services Professional
227603620458,Family Office/Services Professional
227601010282,Family Office/Services Professional
227664967082,Family Office/Services Professional
227666339407,Wealth Analyst/Strategist
227665378472,Investment/Research Professional
227602682669,Family Office/Services Professional
227665570359,Investment/Research Professional
227602838085,Family Office/Services Professional
227665723765,Wealth Analyst/Strategist
227600379029,Wealth Analyst/Strategist
227599168322,Family Office/Services Professional
227602452346,Family Office/Services Professional
227599264655,Family Office/Services Professional
227605577593,Family Office/Services Professional
227604634664,Investment/Research Professional
227603668366,Family Office/Services Professional
227600366430,Family Office/Services Professional
227599639114,Wealth Analyst/Strategist
227600379476,Family Office/Services Professional
227600268899,Family Office/Services Professional
227681458688,Family Office/Services Professional
227680648540,Family Office/Services Professional
227600440346,Family Office/Services Professional
227666497880,Wealth Analyst/Strategist
227602441281,Family Office/Services Professional
227603693851,Family Office/Services Professional
227602670961,Family Office/Services Professional
227600091419,Investment/Research Professional
227602720010,Family Office/Services Professional
227599041927,Family Office/Services Professional
227664866161,Family Office/Services Professional
227602646369,Family Office/Services Professional
227680023878,Investment/Research Professional
227603704355,Family Office/Services Professional
227667912254,Family Office/Services Professional
227603716952,Family Office/Services Professional
227600281104,Family Office/Services Professional
227601122832,Family Office/Services Professional
227602838297,Family Office/Services Professional
227601347908,Family Office/Services Professional
227599111294,Investment/Research Professional
227601183616,Family Office/Services Professional
227681503531,Family Office/Services Professional
227601245978,Investment/Research Professional
227601210528,Family Office/Services Professional
227667247495,Investment/Research Professional
227679125365,Family Office/Services Professional
227616971117,Family Office/Services Professional
227666339241,Family Office/Services Professional
227603521944,Family Office/Services Professional
227600269218,Family Office/Services Professional
227598667082,Family Office/Services Professional
227602441344,Family Office/Services Professional
227601139519,Investment/Research Professional
227666124111,Investment/Research Professional
227666702478,Family Office/Services Professional
227602441379,Family Office/Services Professional
227600451645,Investment/Research Professional
227604634288,Family Office/Services Professional
227601077380,Family Office/Services Professional
227616398375,Family Office/Services Professional
227617020169,Family Office/Services Professional
227602720035,Family Office/Services Professional
227603484948,Investment/Research Professional
227599597356,Investment/Research Professional
227601210897,Family Office/Services Professional
227666316412,Wealth Analyst/Strategist
227665400090,Family Office/Services Professional
227602634071,Family Office/Services Professional
227668056959,Family Office/Services Professional
227601210279,Family Office/Services Professional
227599611293,Investment/Research Professional
227602886467,Investment/Research Professional
227668079271,Family Office/Services Professional
227681503539,Family Office/Services Professional
227604469365,Investment/Research Professional
227600187717,Family Office/Services Professional
